<?xml version="1.0" encoding="UTF-8"?>
<ram-component manifest-version="2.0"
               name="PredefinedTypes" version="3" release="2" clevel="0" metamodel="9022">
    <description>
        <![CDATA[Predefined types model component provides the default types for UML and Analyst models.]]>
    </description>
    <dependencies>
    </dependencies>
    <contributors>
      <contributor name="ModelerModule" version="8.3.00.9022"></contributor>
    </contributors>
    <roots>
      <root metaclass="AnalystProject" name="Analyst Properties" uuid="0e2e90a4-effd-4089-ab1c-319f9a2f1029"></root>
      <root metaclass="Project" name="UML Types" uuid="8b9e2cab-a8d3-43b9-8098-78d9f5fedc24"></root>
    </roots>
</ram-component>